{
  "cuisine": {
    "precision": 1.0,
    "recall": 0.9951456310679612,
    "f1-score": 0.9975669099756691,
    "support": 206
  },
  "num_people": {
    "precision": 1.0,
    "recall": 1.0,
    "f1-score": 1.0,
    "support": 25
  },
  "phone_num": {
    "precision": 1.0,
    "recall": 1.0,
    "f1-score": 1.0,
    "support": 17
  },
  "micro avg": {
    "precision": 1.0,
    "recall": 0.9959677419354839,
    "f1-score": 0.997979797979798,
    "support": 248
  },
  "macro avg": {
    "precision": 1.0,
    "recall": 0.9983818770226538,
    "f1-score": 0.9991889699918897,
    "support": 248
  },
  "weighted avg": {
    "precision": 1.0,
    "recall": 0.9959677419354839,
    "f1-score": 0.9979789655443058,
    "support": 248
  }
}